size,time
45,0.484253000468016
54,0.715673999860883
59,1.40825800038874
79,1.79147199913859
83,0.884105000644922
87,0.584334999322891
102,1.15707399882376
103,0.574696000665426
113,1.69295999966562
126,1.24854200147092
142,0.94675799831748
148,0.729729000478983
178,0.726895000785589
179,1.67342999950051
194,0.702669000253081
199,1.40556900016963
202,0.667338000610471
214,1.51533400081098
215,2.17509900033474
219,0.807334000244737
222,0.776076000183821
243,0.790680000558496
247,1.10625200159848
254,0.629745999351144
261,0.968477999791503
269,0.681412000209093
278,0.581663999706507
281,1.23169999942184
285,1.0724720004946
286,47.6264389995486
287,1.20246400125325
288,0.742360999807715
290,0.620680999010801
295,0.612887999042869
297,1.40266900137067
302,1.21423699893057
303,1.35497299954295
304,0.68095900118351
306,0.858858000487089
311,1.1383120007813
318,0.643167000263929
327,0.957064999267459
331,0.954025000333786
335,1.74610100127757
341,1.18732399865985
345,1.23352400027215
355,1.31002300046384
359,0.772866999730468
365,1.35514800064266
372,0.49851099960506
375,0.693130001425743
376,0.556835999712348
378,1.36581300012767
391,0.515352999791503
395,0.665317000821233
397,0.64193999953568
399,1.27320599928498
400,2.3867429997772
408,0.625272000208497
423,0.535149998962879
436,0.736665999516845
442,0.746702000498772
446,0.712270999327302
451,0.616690000519156
457,1.07621900178492
475,1.25367300026119
476,1.33901400119066
501,1.16172800026834
535,1.28000400029123
537,0.49227499961853
560,1.36591699905694
570,0.776606000959873
576,0.948325000703335
586,1.01786199957132
590,0.478777000680566
591,1.01457300037146
602,1.08021700009704
605,0.833333000540733
616,0.904559999704361
650,0.616771999746561
654,1.68257699906826
658,0.867184000089765
665,1.53131899982691
666,1.29053399898112
679,0.952769000083208
682,0.98441700078547
684,0.720838999375701
686,1.42804899998009
689,1.12292199954391
690,1.78520799987018
694,0.471036000177264
696,0.931181000545621
707,1.38737599924207
733,0.842823999002576
740,1.29421299882233
753,0.687538001686335
761,0.583352001383901
765,1.01512300036848
766,0.819606000557542
767,1.05583699978888
768,0.523022999987006
769,0.74643199890852
771,0.905989000573754
772,1.01682099886239
786,1.2860659994185
791,0.754183998331428
801,0.894307998940349
806,1.41018299944699
807,1.47445400059223
814,0.812820000573993
815,0.65888600051403
820,0.678721999749541
828,0.936879999935627
842,0.772971998900175
846,0.491634998470545
850,0.98653700016439
856,0.847462998703122
862,1.15637099929154
865,1.16459500044584
905,1.42025399953127
911,1.61921599879861
919,0.787774000316858
930,1.03707700036466
941,1.30886599980295
944,0.638667000457644
949,0.88234700076282
951,0.991288000717759
952,1.20318600162864
955,1.55011699907482
960,1.24099700152874
961,0.801519999280572
964,1.02453999966383
966,1.49140599928796
968,1.11844299919903
970,0.93767299875617
974,0.742978999391198
985,0.922452999278903
1016,0.99795899912715
1034,0.802290000021458
1041,1.36708999983966
1042,1.22929500043392
1050,1.3263549990952
1051,0.777470000088215
1077,0.668249998241663
1079,1.14146800152957
1087,0.864846998825669
1103,0.95380700007081
1107,1.13037599995732
1113,0.834621001034975
1115,0.989695999771357
1124,0.780003000050783
1139,0.95159799978137
1143,1.41765600070357
1144,1.43729000166059
1160,0.780835999175906
1166,0.673382999375463
1192,1.1201749984175
1194,0.923481998965144
1198,1.15751699917018
1210,0.519835999235511
1215,0.91864399984479
1226,1.21663600020111
1227,0.702255001291633
1231,0.846855999901891
1236,1.12644100002944
1260,0.74605300091207
1264,0.918422000482678
1269,1.32889799959958
1291,0.914093000814319
1313,0.823840999975801
1315,0.80282000079751
1324,0.733155999332666
1337,1.75554299913347
1339,1.33409200049937
1343,0.652860999107361
1349,1.36306799948215
1362,0.707776000723243
1363,1.59702499955893
1376,0.939910998567939
1395,0.849906001240015
1402,0.590849999338388
1406,1.08774100057781
1424,0.988861998543143
1431,1.39517899975181
1432,0.827713999897242
1434,1.4657279998064
1439,0.683887001127005
1451,0.755912000313401
1453,2.78379300050437
1455,1.11129599995911
1460,0.94412500038743
1463,1.12870099954307
1465,0.854692999273539
1469,1.32417900115252
1473,1.18660899996758
1478,1.10446800105274
1490,1.04015500098467
1492,1.40131800062954
1499,1.21809899993241
1500,1.01337799988687
1506,1.26388500072062
1512,1.09924400039017
1513,1.32995000109077
1528,0.665494000539184
1543,0.941253999248147
1546,0.890199000015855
1549,1.39742300100625
1551,1.13608900085092
1556,0.903893999755382
1560,0.976169999688864
1562,1.28363700024784
1563,1.12604100070894
1571,0.90268100053072
1573,0.624225998297334
1583,0.677744001150131
1588,1.02626500092447
1602,0.747398000210524
1614,1.08345500007272
1616,0.641572000458837
1618,0.94127699919045
1625,0.809800000861287
1635,1.20280100032687
1654,1.25466799922287
1665,0.723259000107646
1669,1.10473899915814
1679,1.01607600040734
1708,1.00749099999666
1719,0.96662800014019
1728,0.673608001321554
1733,2.17668000049889
1735,1.1123719997704
1739,0.790491998195648
1742,1.58270700089633
1753,0.854383001103997
1763,1.05436899885535
1765,1.40290199965239
1781,1.17565499991179
1784,1.1691479999572
1788,1.66601100005209
1808,1.61675699986517
1824,0.81798099912703
1826,1.25280199944973
1831,0.72299199923873
1840,0.878245001658797
1844,0.952423999086022
1846,0.749681001529098
1849,1.47948599979281
1869,1.40135000087321
1878,1.7152800001204
1881,3.32891200110316
1892,0.86748000048101
1895,1.00735899992287
1896,0.783020000904799
1907,1.22562500089407
1913,0.966336999088526
1927,1.29232299886644
1933,0.81857500039041
1949,1.45488700084388
1951,0.941150998696685
1953,0.980158999562264
1956,1.69722600094974
1957,1.0215950012207
1959,0.774349998682737
1962,0.898430999368429
1974,1.06606600061059
1978,1.05312700010836
1979,1.18585500121117
1984,0.604415999725461
1995,1.11795900017023
2005,0.812031000852585
2013,1.26786400005221
2028,0.757442999631166
2040,0.896050000563264
2049,1.30895400047302
2051,1.21882600151002
2059,0.578497998416424
2063,0.660320999100804
2069,1.1057390011847
2077,1.43345099873841
2080,1.04897900111973
2097,1.14537899941206
2100,1.65343599952757
2101,0.704382000491023
2104,0.83835900016129
2108,0.955436000600457
2111,0.898113999515772
2119,0.712649999186397
2120,1.05264800041914
2130,0.998647000640631
2133,0.713983999565244
2145,1.10747399926186
2146,0.97078699991107
2147,0.786302000284195
2157,1.15929700061679
2165,0.931714000180364
2171,0.807987999171019
2181,1.54978000000119
2185,0.787466999143362
2187,0.739313999190927
2217,0.8021020013839
2224,1.33085700124502
2229,0.874526999890804
2231,0.610230000689626
2233,1.74489199928939
2237,1.02105700038373
2241,1.10379900038242
2251,1.30750199966133
2252,1.10404699854553
2255,1.24980800040066
2258,0.743248000741005
2265,1.4752299990505
2266,0.748004999011755
2268,0.856852000579238
2269,1.81071700155735
2275,1.24600199982524
2283,1.10696100071073
2287,1.4804090000689
2290,1.03147900104523
2301,1.17333300039172
2313,0.613043000921607
2315,0.9614929985255
2334,0.827237000688911
2345,0.837203999981284
2347,1.03360900096595
2363,0.896790999919176
2374,1.04238700121641
2375,1.32577100023627
2376,0.895609000697732
2383,1.17671599984169
2385,0.92018000036478
2386,1.2456440012902
2393,0.649301998317242
2406,1.26623000018299
2434,1.09758500009775
2436,0.717693999409676
2438,0.77038399875164
2445,1.41761500015855
2456,2.1689720004797
2461,0.584360999986529
2477,0.722178000956774
2500,0.949033999815583
2502,1.38831099867821
2520,1.08648500032723
2544,0.626692000776529
2558,0.628333998844028
2559,0.956832999363542
2560,0.985038001090288
2564,1.25630999915302
2573,1.12299799919128
2593,0.941244000568986
2608,1.03253800049424
2623,1.2651180010289
2632,1.03807799890637
2638,0.935782998800278
2642,0.925434999167919
2645,1.00761899910867
2649,1.25142000056803
2661,0.986602999269962
2668,1.2497279997915
2673,1.03597800061107
2687,0.786208998411894
2710,1.76758700050414
2721,0.920505000278354
2730,2.00522399879992
2739,1.24792899936438
2743,0.76677400059998
2745,1.54889900051057
2763,1.23172499984503
2774,0.672617999836803
2778,0.6977310013026
2783,1.4051280003041
2796,0.809514001011848
2822,0.78970200009644
2825,1.34958600066602
2830,2.82317199930549
2842,1.54001500084996
2846,31.1946259997785
2848,1.69725500047207
2853,1.40336200036109
2857,1.36258400045335
2882,0.624083999544382
2884,1.15192300081253
2886,1.18830600008369
2907,0.590385999530554
2926,1.59230699948967
2949,0.745277000591159
2957,1.31299900077283
2959,1.40767399966717
2960,1.16463300026953
2962,1.15719899907708
2965,0.89886000007391
2998,0.750560000538826
3002,1.17819100059569
3033,33.6689560003579
3067,1.89976499974728
3070,33.2231019996107
3071,1.12388999946415
3086,1.29411699995399
3094,0.947175001725554
3095,0.989284999668598
3109,1.00200800038874
3115,0.901740999892354
3124,0.947442000731826
3153,1.08108199946582
3165,1.67385300062597
3176,0.977241998538375
3184,1.08609499968588
3193,1.32817599922419
3199,0.981211001053452
3205,1.26451699994504
3209,1.27896600030363
3213,0.780342999845743
3244,0.867342999204993
3260,1.35474799945951
3278,0.868388000875711
3284,0.80816899985075
3305,0.631420999765396
3306,0.767946001142263
3308,0.831392001360655
3317,1.26282300055027
3321,0.773943999782205
3326,0.98603199981153
3333,0.930556001141667
3351,0.701941000297666
3359,1.00883500091732
3372,0.670237999409437
3387,0.680198999121785
3389,1.21879299916327
3399,0.854594999924302
3403,0.784110998734832
3407,0.721177000552416
3411,1.06093999929726
3423,1.9872069992125
3433,1.19406600110233
3444,1.02315600030124
3447,0.605188999325037
3465,1.65994200110436
3471,1.73856200091541
3491,1.00349499844015
3500,1.62827299907804
3506,0.671128999441862
3513,0.722994999960065
3514,1.52417699992657
3516,0.857147000730038
3517,0.58755499869585
3539,0.953057000413537
3542,1.00070699863136
3578,1.08504999987781
3580,1.20801600068808
3583,1.11573300138116
3592,1.93397800065577
3596,1.35687199980021
3629,0.880958998575807
3649,1.11863300018013
3661,1.8580649998039
3672,0.96688299998641
3680,0.832914000377059
3682,1.00383499823511
3683,1.65034200064838
3685,1.64680000022054
3733,1.544539000839
3738,1.39342799969018
3762,1.68860499933362
3775,1.16676899977028
3781,0.84799100086093
3801,0.769456000998616
3812,0.87338500097394
3827,1.26718099974096
3831,0.967341000214219
3841,1.28252100013196
3843,1.18407000042498
3850,0.954086000099778
3854,0.90022199973464
3864,1.37694899924099
3870,0.824703000485897
3890,1.41259500011802
3902,0.858156999573112
3908,0.655426001176238
3916,0.879764001816511
3919,1.37699200026691
3934,0.969738999381661
3939,0.970015000551939
3956,0.581113001331687
3963,1.16722200065851
3968,1.75891499966383
3970,1.04574699886143
3980,1.30844799987972
3985,0.967697000131011
4013,0.90675700083375
4034,1.93185099959373
4049,0.989835999906063
4063,1.27103899978101
4064,0.970339998602867
4066,1.11715000122786
4067,1.65406999923289
4072,1.20495600067079
4079,0.94234099984169
4081,1.03556500002742
4085,1.25122200138867
4093,1.09432299993932
4099,0.993025999516249
4103,0.976141000166535
4109,1.45328599959612
4111,0.907042000442743
4112,1.4690809994936
4129,0.737787000834942
4158,0.725623998790979
4167,0.948649000376463
4186,1.3596579991281
4197,0.925078999251127
4198,1.35088700056076
4206,1.01099199987948
4210,1.56006400100887
4236,1.67874100059271
4239,0.857202999293804
4278,0.722400998696685
4280,1.00116400048137
4287,1.06693099997938
4297,1.82222799956799
4308,1.24299299903214
4309,1.29688199982047
4310,1.0727449990809
4313,1.00914400070906
4320,0.971822999417782
4356,1.3519870005548
4362,1.19063199870288
4378,1.36565000005066
4384,1.92366599850357
4387,1.09901400096715
4392,0.722620999440551
4407,1.32207200117409
4425,0.994470000267029
4438,2.01921199820936
4471,1.00966399908066
4494,1.41295400075614
4545,1.29136599972844
4552,1.12718000076711
4563,1.11227899976075
4573,1.33130399882793
4639,0.948569001629949
4649,2.20299099944532
4650,1.61465299874544
4655,0.704921999946237
4666,1.35452200099826
4675,1.30416299961507
4685,1.16281799972057
4710,0.900705998763442
4716,0.831579999998212
4755,0.908348001539707
4760,1.07529599964619
4762,0.949965000152588
4765,0.874723000451922
4774,1.26297899894416
4782,0.831230999901891
4783,0.762664999812841
4791,2.02143999934196
4793,1.17876700125635
4807,1.28290599957109
4810,2.92821600101888
4822,1.51177200116217
4852,0.975350998342037
4897,1.10191199928522
4904,1.2140410002321
4947,1.05234799906611
4951,1.2311649993062
4954,1.83825899846852
4962,0.895488999783993
4993,1.8874270003289
5006,1.0529390014708
5007,1.4804920013994
5009,0.950668999925256
5013,1.47827900014818
5029,1.19149900041521
5056,0.840545000508428
5079,1.07722899876535
5081,1.28020099923015
5083,1.10258900001645
5098,1.02140900120139
5121,0.909917000681162
5123,0.827696001157165
5170,1.58488499931991
5172,1.44660899974406
5248,1.46004999987781
5255,1.21204300038517
5271,1.59002900123596
5293,1.17756599932909
5318,1.27081499993801
5319,1.1823079995811
5321,0.948064999654889
5353,1.08455500006676
5388,0.804344000294805
5399,1.48738900013268
5416,1.08843300119042
5437,1.30027799867094
5446,1.29146499931812
5451,1.20636999979615
5452,2.11096699908376
5466,1.26488700136542
5501,0.794780001044273
5523,1.4316009990871
5524,1.05771600082517
5531,1.17658500000834
5544,1.45908799953759
5548,1.61523200012743
5549,0.974635999649763
5552,0.822390999644995
5559,1.18468800000846
5560,1.82041699998081
5600,1.15788399986923
5603,1.00943299941719
5631,1.44521999917924
5640,0.962693000212312
5705,0.819990999996662
5720,16.6167540010065
5733,1.72099700011313
5750,1.36869900114834
5755,1.50130300037563
5756,1.0249259993434
5761,1.32875999994576
5764,1.41477600112557
5781,0.870544999837875
5796,0.958419000729918
5801,1.30569200031459
5809,0.85330200009048
5810,1.38402299955487
5857,0.926053000614047
5898,1.42749799974263
5901,1.03800099901855
5903,1.17800899967551
5915,1.17619300074875
5939,1.15555599890649
5946,1.32424500025809
5951,1.23239200003445
5956,1.00989600084722
5968,1.56688800081611
5977,1.30753000080585
5980,0.792027000337839
5991,1.24302799999714
6027,3.32761300168931
6038,1.50213799998164
6055,1.56598600000143
6101,0.736763000488281
6113,1.24233699962497
6119,1.3561410009861
6123,1.11748099885881
6140,1.7864310014993
6155,1.03816399909556
6160,1.03700400143862
6163,1.84194000065327
6194,1.14231000095606
6234,1.24357400089502
6276,1.17630700021982
6281,1.16861400008202
6282,1.41642800159752
6289,0.962218001484871
6296,1.04546400159597
6321,1.61669299937785
6322,1.11755900084972
6370,0.850964998826384
6397,1.62899600155652
6398,1.00414700061083
6404,1.36228000000119
6410,1.05512899905443
6414,1.28549600020051
6423,5.19727700017393
6424,1.47557399980724
6465,0.928154001012444
6474,1.23071299865842
6490,1.26582299917936
6515,1.07728399895132
6524,1.45575300045311
6537,1.10985199920833
6542,1.29057599976659
6556,1.37077300064266
6567,1.31258299946785
6577,1.51277099922299
6597,0.941941998898983
6607,1.1708240006119
6611,1.26673699915409
6616,1.62270700000227
6619,1.18339500017464
6624,0.968234000727534
6630,1.45694399997592
6646,0.734090998768806
6653,1.39165600016713
6672,1.09086200036109
6677,2.54333600029349
6701,1.37012300081551
6705,1.84139700047672
6739,0.950012000277638
6740,1.4800909999758
6744,0.778604000806809
6746,1.30375100113451
6759,2.23279999941587
6800,2.39328899979591
6804,1.69667199999094
6812,1.32087299972773
6815,1.02950599975884
6821,1.28223100118339
6834,1.44067200087011
6837,0.874947000294924
6885,1.4883769992739
6917,0.846309999004006
6930,0.720584001392126
6934,1.78565399907529
6946,1.19219300150871
6963,1.20027099922299
6969,0.832062000408769
6973,1.71111199818552
7014,1.55705999955535
7029,1.15498299896717
7042,1.09903299994767
7045,1.2137460000813
7048,1.69469800032675
7064,1.56671000085771
7074,0.9958810005337
7098,1.47674199938774
7119,1.42086699977517
7138,1.61369699984789
7140,1.54473700001836
7148,1.18787400051951
7190,1.11387299932539
7200,0.928972000256181
7209,1.53363900072873
7226,1.4365560002625
7275,1.15705399960279
7312,2.02993800118566
7313,1.02021400071681
7314,1.50481499917805
7324,1.58424499817193
7358,1.22866600006819
7361,1.51994200050831
7374,1.46179299987853
7376,1.40543100051582
7391,1.09882399998605
7438,1.13293699920177
7459,1.23129899986088
7471,1.33167899958789
7527,1.77798500098288
7531,0.900039000436664
7583,1.58991700038314
7601,1.2901369985193
7617,1.15002899989486
7621,1.82393099926412
7622,0.840742999687791
7625,1.12493899837136
7639,1.35559599846601
7652,2.00978099927306
7653,1.9494430013001
7662,1.06734200008214
7667,1.23017299920321
7686,1.40619800053537
7687,0.940253000706434
7697,0.973936000838876
7701,1.13362299837172
7703,1.9724439997226
7747,1.15628200024366
7762,1.410157000646
7773,1.30777099914849
7774,0.978157998993993
7823,1.28715600073338
7852,1.42310800030828
7853,2.23507799953222
7859,0.989923000335693
7877,1.09277799911797
7879,1.27333300001919
7882,1.57958200015128
7884,0.861542999744415
7907,1.0701599996537
7909,1.0213360004127
7919,0.805021001026034
7936,1.2614930011332
7948,0.91673699952662
7949,0.757182000204921
7959,1.92233800143003
7985,1.12004100158811
8078,1.21416199952364
8084,1.51291500031948
8150,1.305514998734
8154,1.04044499993324
8156,1.14607500098646
8184,1.57674499973655
8201,1.52918600104749
8204,0.955598000437021
8207,0.960787000134587
8225,1.32883499935269
8280,0.927155999466777
8307,1.11708500050008
8314,0.862544000148773
8318,1.16331399977207
8336,1.31686100177467
8344,1.05577099882066
8350,1.34246600046754
8394,1.72327500022948
8433,1.50775699876249
8462,1.26704400032759
8508,1.25960700027645
8554,0.976640000939369
8564,1.47904399968684
8580,1.05161600001156
8588,1.38965199887753
8606,1.15915000066161
8620,1.49217199906707
8625,1.46148800104857
8634,2.70033800043166
8641,1.61267499998212
8643,0.944368999451399
8676,1.39956899918616
8684,1.65357900038362
8704,1.19510000012815
8707,0.888961000367999
8717,1.09633599966764
8729,1.5079429987818
8749,1.74802600033581
8771,3.08032399974763
8785,1.38647699914873
8800,1.83356299996376
8840,1.91238099895418
8848,2.60173100046813
8855,1.94070100039244
8907,1.25374799966812
8912,1.87050100043416
8915,1.30209999904037
8926,1.38033200055361
8937,1.73304400034249
8942,1.75222699902952
8946,0.986146999523044
8949,1.0283240005374
8977,1.07845100015402
8978,1.29972600005567
8988,1.68463400006294
9032,1.19359100051224
9042,1.12620900012553
9050,1.19356399960816
9062,1.82491800002754
9063,0.882410999387503
9088,1.15522000007331
9090,1.62643000110984
9108,1.42763600125909
9153,1.30974500067532
9175,1.46273799985647
9189,0.828769998624921
9201,1.93088399991393
9203,0.846470000222325
9216,0.971826000139117
9218,0.959461001679301
9222,1.29126700013876
9235,1.37659399956465
9239,1.06307499855757
9261,1.43434599973261
9265,1.46345200017095
9293,1.69356300123036
9338,0.990753000602126
9353,1.19264400005341
9377,1.16132699884474
9398,1.88953199982643
9446,1.28337300010026
9453,0.965437000617385
9480,1.71224400028586
9488,1.43478400073946
9512,1.66114100068808
9530,1.2260899990797
9556,1.17735099978745
9562,1.37413500063121
9566,1.53614900074899
9581,1.40423800051212
9591,2.80581299960613
9600,1.08340299874544
9622,1.04599299840629
9681,1.01360099948943
9688,1.24036199972034
9699,1.06293000094593
9701,0.891268000006676
9762,1.26968600042164
9814,1.22021600045264
9859,0.980849999934435
9873,1.16752200014889
9875,1.48800499923527
9914,1.35248499922454
9917,2.45174799859524
9957,1.08804400078952
10030,1.36601200141013
10037,1.92888800054789
10047,1.39682499878109
10061,1.36815799959004
10083,2.43824600055814
10104,1.43048500083387
10118,1.83352000080049
10152,2.0904099997133
10160,1.12012399919331
10220,0.995168000459671
10232,1.07003100030124
10240,1.24086300097406
10296,1.22762199863791
10301,1.43166700005531
10327,1.73622899875045
10369,2.71885999850929
10370,1.48141000047326
10402,1.23668999969959
10404,1.48309100046754
10425,1.75624600052834
10435,1.35663899965584
10461,1.42932999879122
10581,1.43625300005078
10600,1.2192100007087
10605,0.886592999100685
10622,1.55963000096381
10625,1.25643300078809
10631,1.1093759983778
10640,1.76944600045681
10647,1.02269900031388
10679,1.31477800011635
10688,1.55635400116444
10726,1.36231500096619
10748,2.20192399993539
10753,1.46744000166655
10784,1.50610799901187
10851,1.0738999992609
10869,1.36970499902964
10915,1.21918299980462
10930,1.76638200134039
10971,1.25607400014997
11081,1.58744600042701
11088,1.13823400065303
11103,1.71874199993908
11109,1.28615500032902
11144,1.38486600108445
11185,1.082220999524
11192,2.58452400006354
11197,1.89780000038445
11203,1.24307399988174
11230,1.46653499826789
11266,2.02966899983585
11304,1.14080600067973
11307,1.72809899970889
11345,1.606943000108
11369,1.01432200148702
11406,1.2666040007025
11416,1.50299500115216
11466,2.45400599949062
11478,1.56336900033057
11497,1.65310999937356
11500,1.236262999475
11501,0.990797000005841
11510,1.94781400077045
11521,1.84923699870706
11522,1.77927999943495
11605,1.58812699839473
11622,1.70727699995041
11644,29.2597510013729
11660,1.37106100097299
11665,1.20407899841666
11687,1.49469700083137
11730,1.56535400077701
11735,1.16674700006843
11767,1.07621300034225
11786,1.69191000051796
11804,1.7148550003767
11812,1.50727199949324
11852,1.38388199917972
11888,1.05279799923301
11930,1.27780400030315
11938,1.73949099890888
11941,1.17736300081015
11943,1.6820489987731
12005,1.35260700061917
12007,2.64901399984956
12015,1.36932799965143
12017,1.16737800091505
12033,1.22894900105894
12106,1.44463500007987
12111,1.97607100009918
12126,2.53181200101972
12128,1.31502000056207
12136,1.62751800008118
12215,2.04870500043035
12219,1.07500099949539
12234,1.70421800017357
12240,1.64867299981415
12283,1.58749900013208
12303,1.28167800046504
12359,1.85951399989426
12377,2.03641200065613
12379,1.03756799921393
12380,1.33606599830091
12383,1.81706400029361
12405,1.41159300133586
12414,1.26383200101554
12433,1.91706999950111
12481,1.89208899997175
12505,1.24567800015211
12527,3.7476879991591
12537,1.7494810000062
12580,1.2551109995693
12623,4.25607800111175
12633,1.7330060005188
12686,2.36394399963319
12694,1.75930899940431
12698,1.34380999952555
12707,1.10255099833012
12719,1.67380699887872
12737,1.75232000090182
12758,1.67040800116956
12778,1.24397999979556
12822,2.24587400071323
12824,2.41010200046003
12839,1.65930399857461
12887,1.74303899891675
12888,1.73184200003743
12890,1.33411099947989
12898,1.63720699958503
12929,2.1072739996016
12937,1.37908899970353
12949,1.22388100065291
12978,1.92301899939775
12992,1.44298100098968
13010,1.34545100107789
13062,1.39843299984932
13073,1.14173900149763
13084,1.48343300074339
13147,1.73002399876714
13209,1.34486800059676
13230,1.2559019997716
13234,1.4597929995507
13271,1.2113629989326
13296,1.47694200091064
13321,1.2897110003978
13323,1.15208799950778
13326,1.1800769995898
13344,2.21822700090706
13346,1.50364400073886
13350,1.15071500092745
13431,1.36675899848342
13466,1.75985999964178
13473,1.11771599948406
13489,1.30065499991179
13541,1.81067200005054
13577,1.69855700060725
13621,1.62252799980342
13681,1.96745800040662
13708,1.72960999980569
13752,1.68494700081646
13793,4.38459499925375
13841,1.69143800064921
13869,1.18636599928141
13870,1.99238199926913
13907,1.71262600086629
13934,1.36291299946606
14009,1.08735199831426
14036,1.66796700097621
14049,1.37974300049245
14117,1.79056800156832
14156,1.15639899857342
14157,1.65503100119531
14162,1.46112200058997
14192,1.62604700028896
14227,1.22492899931967
14252,1.99000099860132
14256,1.45859000086784
14259,1.47920900024474
14330,2.27781200036407
14336,1.60139000043273
14376,2.10079500079155
14385,1.76693899929523
14444,1.40450399927795
14452,1.59462100081146
14457,1.4153240006417
14474,1.86356399953365
14519,1.58737000077963
14535,1.30274800024927
14550,1.90064699947834
14551,1.65196300111711
14580,1.51124400086701
14593,1.62521200068295
14655,1.82645599916577
14658,1.46787399984896
14665,1.2792070005089
14685,1.59958199970424
14693,1.98346300050616
14723,2.27259700000286
14725,1.60088899917901
14733,1.76307000033557
14744,1.39533500000834
14753,2.35018699988723
14812,2.03931700065732
14843,2.00995199941099
14873,1.58444299921393
15015,1.87132499925792
15081,0.999768000096083
15090,1.2930159997195
15125,1.52487800084054
15138,1.22784500010312
15278,1.49887599982321
15329,1.87255500070751
15353,2.08771099895239
15445,1.45092700049281
15491,6.10036000050604
15557,1.83545099943876
15650,1.73383799940348
15675,1.7523960005492
15763,1.83983099833131
15782,2.08646200038493
15810,1.31050399877131
15879,1.17204900085926
15881,1.97917800024152
15912,2.03517900034785
15936,1.59436100162566
15968,1.63475400023162
15977,1.39626299962401
15978,1.27575999870896
16003,1.48972300067544
16010,1.58877399936318
16024,1.4261360000819
16086,1.47610300034285
16119,1.44920199923217
16129,1.53493699990213
16172,1.28068100102246
16203,1.71434599906206
16209,3.32800599932671
16218,1.86486699990928
16279,1.89096999913454
16293,1.38595000095665
16364,1.53743200004101
16440,2.85344599932432
16496,2.13436199910939
16558,1.60934099927545
16645,1.63510099984705
16760,1.82680300064385
16764,2.18288400024176
16777,1.90474499948323
16781,1.61146499961615
16799,1.73422900028527
16827,2.31287300027907
16872,2.00846900045872
16882,2.07560000009835
16897,2.67912400141358
16907,1.47254200093448
16924,1.52398700080812
16957,1.6844679992646
17071,1.86249399930239
17080,1.37872200086713
17114,1.68342700041831
17268,1.74035399965942
17336,1.73266699910164
17352,1.35113500058651
17379,1.68360700085759
17450,1.44927600026131
17459,2.04329300113022
17499,1.84725399874151
17523,1.47275499999523
17532,1.89340599998832
17533,1.32818499952555
17565,1.80866000056267
17629,1.58174099959433
17679,1.21819099970162
17702,1.70346100069582
17706,1.75033800117672
17740,1.2841880004853
17741,1.4505989998579
17795,1.78697199933231
17799,1.73977800086141
17804,1.23960099928081
17856,1.53336799889803
18017,1.52569799870253
18068,2.29812199994922
18172,4.88262899965048
18210,2.44852499850094
18238,2.03557000122964
18273,1.34129499830306
18276,1.68911099992692
18301,8.07503000088036
18410,2.42610799893737
18504,2.6427360009402
18532,2.21820200048387
18562,2.49236300028861
18615,1.55691999942064
18626,1.49180199950933
18653,2.35920399986207
18706,1.20501000061631
18711,1.73251699842513
18738,6.91128700040281
18821,1.54128599911928
18870,1.45032599940896
18953,2.096629999578
18982,2.03491399995983
19051,1.66778999939561
19061,2.17785399965942
19072,1.91252299956977
19141,1.21097700111568
19207,1.48220399953425
19280,1.53273400105536
19284,1.78475099988282
19304,1.73712600022554
19360,1.76113099977374
19382,2.55643899925053
19410,2.34620099887252
19450,2.45609400048852
19474,1.81115099973977
19483,1.90029999986291
19488,2.1751799993217
19532,1.58383399993181
19549,1.31893999874592
19589,1.40066399984062
19622,1.18417599983513
19660,1.50456799939275
19802,1.6078890003264
19873,2.64676399901509
19936,1.99894700013101
20124,1.8956740014255
20134,2.03867200016975
20225,1.60172599926591
20260,1.51061699911952
20278,1.71182800084353
20464,2.24983000010252
20465,2.24690799973905
20474,1.78013800084591
20553,3.09294799901545
20555,1.97495299950242
20636,2.28047499991953
20678,1.79833899997175
20716,1.5276149995625
20977,2.11806499958038
21004,2.53841400146484
21046,1.83644500002265
21089,1.38583299890161
21118,1.54776399955153
21183,2.04247699864209
21260,2.8502879999578
21327,2.52242700010538
21337,1.83537600003183
21340,1.65605299919844
21373,1.41529699973762
21568,1.8658540006727
21663,1.63176300004125
21785,1.78033000044525
21867,2.45842600055039
22167,1.46969299949706
22177,2.37655899859965
22204,1.78935400024056
22209,2.22463399916887
22321,4.88080400042236
22361,2.35409099981189
22370,2.44549700058997
22410,1.82377400062978
22492,2.65784100070596
22572,1.97495600022376
22584,1.55605800077319
22628,1.65028899908066
22758,2.87345900014043
22854,1.79263499937952
22881,1.80846099928021
22886,1.76986899971962
22901,1.66617699898779
22940,1.80397699959576
22944,1.9411459993571
22953,1.72568400017917
23037,2.42456099949777
23092,1.6082300003618
23100,1.80298799835145
23157,1.73639700002968
23239,1.53980800136924
23262,2.01688300073147
23288,2.05524799972773
23308,2.25257799960673
23312,2.04883600026369
23354,2.17132900096476
23364,1.59711799956858
23396,3.10779999941587
23432,2.11380200088024
23443,1.7227740008384
23522,2.20451399870217
23561,8.16647900082171
23572,2.74398799985647
23646,1.66852300055325
23659,2.1926699988544
23704,1.96460000053048
23728,50.3116219993681
23754,2.38196199946105
23757,1.56530200131238
23762,2.57895000092685
23781,1.66055099852383
23801,1.44447300024331
23825,1.39224199950695
23880,2.18392099998891
23930,11.6745969988406
23969,1.9769640006125
24015,1.59434299916029
24116,1.41966200061142
24121,1.9280110001564
24218,1.71453000046313
24244,1.77284900099039
24262,1.70005400106311
24354,1.97967999987304
24378,2.24415799975395
24430,2.31235699914396
24534,3.38855100050569
24599,2.14697000011802
24639,2.12182300165296
24666,1.58501000143588
24676,2.0368319991976
24684,2.14769300073385
24708,1.48405800014734
24735,1.70051999948919
24764,2.01216300018132
24794,2.99019099958241
24898,2.82704900018871
25007,2.91663200035691
25025,1.67725200019777
25137,2.20970099978149
25303,1.8540049996227
25352,1.94431900046766
25422,1.60822100006044
25510,2.04225499927998
25526,1.66807899996638
25570,1.76444399915636
25629,2.50501099973917
25669,1.80329000018537
25695,1.92980299890041
25847,2.67576599866152
25966,2.65296600013971
26063,2.09431999921799
26089,2.12370900064707
26106,2.17114900052547
26234,2.11437599919736
26236,2.22595700062811
26453,2.05041000060737
26510,3.42861500009894
26532,2.13634699955583
26548,2.20432499982417
26585,1.60681699961424
26608,2.9355539996177
26616,1.89706300012767
26841,1.67028000019491
26897,3.16891100071371
27179,2.10211599990726
27199,2.04610300064087
27226,2.28363800048828
27230,2.17755799926817
27242,2.56905999965966
27353,2.67862799949944
27394,2.05538100004196
27488,1.90791400149465
27561,2.04162799939513
27596,2.42456999979913
27634,3.44412299990654
27733,2.81619600020349
27879,1.94222600013018
27890,1.89307399839163
28031,2.35036399960518
28202,2.43793099932373
28214,2.71574199944735
28265,3.32486399821937
28360,2.50039399974048
28374,1.67221600003541
28445,1.78118499927223
28691,3.36540300026536
28753,13.2594820000231
28765,2.48214199952781
28783,25.7854329999536
28879,1.79446299932897
28909,3.83252999931574
28941,2.14757299982011
29121,2.88648499920964
29432,2.13049799948931
29436,3.72661199979484
29440,8.32896799966693
29464,2.2415849994868
29636,3.04351899959147
29720,2.1743750013411
29830,3.48513699881732
30071,2.38781400024891
30207,2.31568000093102
30382,3.36002600006759
30393,2.61109399981797
30625,2.79671500064433
30661,5.15755300037563
30751,1.72279999963939
31114,2.5617099981755
31158,1.7477109991014
31512,12.2184640001506
31593,3.26692700013518
31636,1.97163300029933
31892,2.13600400090218
31967,2.38116999901831
32107,3.16226500086486
32136,2.35448700003326
32207,1.59080900065601
32251,1.90772700123489
32284,2.75741399824619
32465,2.16148599982262
32712,2.65044699981809
32724,3.16677399910986
32765,2.50576600059867
32826,2.89606400020421
32933,3.93631399981678
33004,3.37034399993718
33301,2.88689099997282
33341,2.40020400099456
33658,3.45924300141633
33859,2.15592399984598
34327,3.4431049991399
34490,1.99698000028729
34606,2.28031199984252
34812,17.0079549998045
34954,2.30123499967158
35247,2.39622399955988
35248,2.69032800011337
35277,2.14270399883389
35330,2.22057599946856
35402,3.44135699979961
35451,2.61584799923003
35476,2.36272099986672
35528,2.37410699948668
35535,4.37905699945986
35560,1.88026900030673
35562,2.65699400007725
35820,3.53174000047147
35900,3.08267999999225
35977,2.17607000097632
36030,2.41183899901807
36329,3.47798800095916
36423,2.66817600093782
36488,4.05331000126898
36754,2.38497900031507
36923,2.21897999942303
37179,3.2874219994992
37311,2.36680399999022
37481,2.37881899997592
37509,2.37329799868166
37670,3.53428499959409
37784,2.11514200083911
37887,2.32674099877477
38090,2.96158399991691
38172,2.6143569983542
38410,4.04770299978554
38564,2.64907800033689
38878,2.34598200023174
39219,3.68139100074768
39326,3.42638500034809
39361,2.72844900004566
39703,5.05077200010419
39823,3.46158199943602
39894,3.28754700161517
40021,2.25469800084829
40142,2.07029699906707
40144,2.50461199879646
40226,3.09865199960768
40260,2.3547470010817
40343,2.98311499878764
40371,2.87971200048923
40550,2.63494599983096
40626,2.76419200003147
41198,2.31181799992919
41622,4.40694100037217
41850,2.51003899984062
42010,3.86649700067937
42172,3.64998500049114
42284,5.09593000076711
42601,2.41797900013626
42642,6.0948469992727
42767,3.40115799941123
42854,2.92932400107384
43117,4.60045100003481
43606,2.8511730004102
43718,3.57959900051355
43759,2.98416699841619
43864,2.54835500009358
43969,2.77619099989533
43979,3.14255600050092
44191,2.63112100027502
44241,3.3678369987756
44294,2.62148899957538
44323,3.45011200010777
44412,3.15976100042462
44431,4.01707299984992
44455,2.7172510009259
44721,4.36086500063539
45436,28.4386009983718
45444,3.90031399950385
45564,3.2474509999156
45571,2.25235100090504
45694,3.40781500004232
45727,2.96355499885976
45982,4.08733199909329
46312,2.85713800042868
46562,2.56957699917257
47170,2.97465099953115
47192,33.7160870004445
47343,4.3778319992125
47479,4.67766500078142
47896,4.29533800110221
48011,2.56027100048959
48014,3.5930290017277
48334,3.5462139993906
48419,5.91917700134218
48671,4.50597400031984
48787,2.89405100047588
49058,3.60214699991047
49325,3.97620099969208
49812,4.64709699898958
49865,2.8464770000428
49961,3.68378899991512
49990,3.96275700069964
50017,2.76474699936807
50077,5.02360499836504
50187,4.90761700086296
50230,2.83335600048304
50309,4.9001850001514
50643,4.50581399910152
50862,4.09519600123167
51457,3.38811099901795
51487,3.24227000027895
51488,4.84998199902475
51614,3.34792099893093
52284,3.80241799913347
52411,2.980243999511
52422,4.56704599969089
53108,4.71100400015712
53213,4.66899600066245
53574,5.30033500120044
53688,5.08894200064242
53807,3.00768199935555
54840,3.42456999979913
55229,4.35637699998915
55743,3.84926999919116
55844,5.39708900079131
56072,4.64680499956012
56264,4.99411300010979
56474,2.86661399900913
57329,3.63742800056934
57438,3.54753099940717
57756,5.14732999913394
59643,4.39610099978745
59689,3.09477300010622
59715,4.07722000032663
59747,11.7118650004268
59958,3.89776400104165
60120,2.78867099992931
60149,3.78667199984193
60437,3.60142700001597
60477,3.75155599974096
60766,6.54916699975729
60848,4.36563799902797
60965,5.53583700023592
61471,3.96205800026655
61980,4.99353599920869
63992,5.56475099921227
64321,4.98729399964213
64806,3.63104599900544
64831,5.70301199890673
66104,4.98161200061441
66411,7.37322200089693
66711,5.96612599864602
66998,6.11555399931967
67008,49.5523019991815
67580,4.62554400041699
68148,4.67173800058663
68911,5.05384499952197
69057,3.66298599913716
70871,5.35301100090146
72572,5.21664000116289
72614,4.0155530013144
72696,4.61715700104833
72939,4.05504599958658
73016,10.2568560000509
73109,4.1387729998678
73163,4.24059899896383
73404,5.30629899911583
74259,25.5667750015855
74556,19.1642559990287
74757,6.09181799925864
75226,4.0905520003289
75978,6.35888200066984
76111,3.93848700076342
77501,4.02281099930406
77592,6.05147299915552
77639,4.0996620003134
78060,6.05763999931514
78327,3.48921900056303
78333,4.50537700019777
79144,7.01450899988413
79254,3.95456000044942
79356,6.64644599892199
79462,6.44803600013256
80003,4.05984000116587
80257,4.57629499956965
82961,5.16213299892843
83668,7.32009599916637
83844,3.8954409994185
84221,6.16437499970198
84557,4.55230400152504
85332,4.3220349997282
86085,4.07682199962437
86804,4.23566699959338
87092,5.7336320001632
87846,4.71726799942553
88045,5.08779499866068
88204,6.38965700007975
89661,6.77128599956632
89994,4.56421099975705
90000,49.5652389992029
90054,4.82746000029147
90338,6.2924150004983
90705,6.43862799927592
90890,6.95863600075245
91014,7.6419939994812
91087,5.49437100067735
91679,7.84698499925435
93785,5.13413699902594
93870,6.46366900019348
94431,7.11175400018692
94975,6.35782200098038
96646,5.1597910001874
97419,5.33982499875128
97683,5.21589899994433
98033,6.78990699909627
99210,8.48849499970675
99588,6.94663099944592
101728,5.81742800027132
102192,6.04971100017428
102538,6.56312199868262
102994,6.10334100015461
103605,5.58620500005782
105066,5.09579700045288
106013,7.240393999964
110759,5.6127869989723
111995,8.0394289996475
113809,6.1915830001235
114770,6.01788599975407
114790,7.28819200024009
115872,5.88040900044143
117046,5.54345100000501
117099,7.03670600056648
118132,6.40743900090456
119244,11.3817779999226
119722,6.57310300134122
122073,53.969076000154
123580,7.14504500105977
123633,5.66737499833107
123805,7.30186899937689
127993,7.58041599951685
129876,9.72461199946702
131744,7.24656400084496
134511,8.04294999875128
134732,7.50671200081706
134895,6.56594800017774
135511,10.6554480008781
136244,7.09243400022388
137750,6.81573799997568
141313,8.23559200018644
141367,8.45003099925816
146983,7.17813399992883
152877,7.34897400066257
154694,11.0991949997842
162165,8.02855500020087
163153,7.47413699887693
163935,9.07207600027323
165404,7.45514800027013
166099,9.00962799973786
168303,11.6921480000019
172150,8.32727999985218
172544,8.20074999891222
173627,9.02126299962401
180391,8.98515100032091
182193,19.4093459993601
184130,8.4914319999516
184846,9.71128100156784
185547,9.271679000929
186405,9.16614199988544
189160,9.77808599919081
197400,9.71668599918485
204474,9.88384800031781
204807,9.41166200116277
210724,10.5315119996667
238383,10.8627339992672
242529,12.9975550007075
249667,14.9189309999347
265401,13.8943050000817
267211,15.2625299990177
282761,12.80603300035
285232,15.9658519998193
285359,14.0559679996222
302287,20.0201979987323
303842,14.4497570004314
304238,16.2240699995309
335456,15.5522670000792
375482,19.7004350014031
